<?xml version="1.0" encoding="UTF-8"?>
<beans xmlns="http://www.springframework.org/schema/beans"
   xmlns:xsi="http://www.w3.org/2001/XMLSchema-instance"
   xmlns:aop="http://www.springframework.org/schema/aop"
   xmlns:context="http://www.springframework.org/schema/context"
   xmlns:jdbc="http://www.springframework.org/schema/jdbc"
   xmlns:mybatis-spring="http://mybatis.org/schema/mybatis-spring"
   xsi:schemaLocation="http://www.springframework.org/schema/jdbc http://www.springframework.org/schema/jdbc/spring-jdbc-4.1.xsd
      http://mybatis.org/schema/mybatis-spring http://mybatis.org/schema/mybatis-spring-1.2.xsd
      http://www.springframework.org/schema/beans https://www.springframework.org/schema/beans/spring-beans.xsd
      http://www.springframework.org/schema/context http://www.springframework.org/schema/context/spring-context-4.1.xsd
      http://www.springframework.org/schema/aop http://www.springframework.org/schema/aop/spring-aop-4.1.xsd">
   <!-- Root Context: defines shared resources visible to all other web components -->
   <bean id="dataSource"
      class="org.apache.tomcat.dbcp.dbcp2.BasicDataSource">
      <property name="driverClassName"
         value="oracle.jdbc.driver.OracleDriver"></property>
       <property name="url" value="jdbc:oracle:thin:@//localhost:1521/xe"></property> 
      <property name="username" value="pc"></property>
      <property name="password" value="1234"></property>
   </bean>
   <bean id="jdbcTemplate" class="org.springframework.jdbc.core.namedparam.NamedParameterJdbcTemplate">
      <constructor-arg ref="dataSource"></constructor-arg>  
   </bean>
   <bean id="transactionManager" class="org.springframework.jdbc.datasource.DataSourceTransactionManager">
   	<property name="dataSource" ref="dataSource"/>
   </bean>
   
   <!-- SqlSessionFactoryBean 빈 객체 생성 -->
   <bean id="sqlSessionFactory" class="org.mybatis.spring.SqlSessionFactoryBean">
      <property name="dataSource" ref="dataSource" />
      <property name="configLocation" value="classpath:/mybatis-config.xml"></property>
      <property name="mapperLocations" value="classpath:/mapper/**/*Mapper.xml"></property>
   </bean>

   <bean id="sqlSession" class="org.mybatis.spring.SqlSessionTemplate">
      <constructor-arg ref="sqlSessionFactory" />
   </bean>
   <bean id="multipartResolver" class="org.springframework.web.multipart.commons.CommonsMultipartResolver" />
   <bean id="mailSender" class = "org.springframework.mail.javamail.JavaMailSenderImpl">
		<property name="host" value="smtp.gmail.com" />
		<property name="port" value="587" />
		<property name="username" value="ssvspringpro@gmail.com" />
		<property name="password" value="psqgikbhcuimlmji" />
		<property name="javaMailProperties">
			<props>
				<prop key="mail.transport.protocol">smtp</prop>
				<prop key="mail.smtp.auth">true</prop>
				<prop key="mail.smtp.starttls.enable">true</prop>
				<prop key="mail.debug">true</prop>
			</props>
		</property>
	</bean>
   <!-- root-context.xml 수정 -->
    <context:component-scan base-package="org.sist.project" />
   
</beans>