<?xml version="1.0" encoding="UTF-8"?>
<beans xmlns="http://www.springframework.org/schema/beans"
   xmlns:xsi="http://www.w3.org/2001/XMLSchema-instance"
   xmlns:p="http://www.springframework.org/schema/p"
   xmlns:context="http://www.springframework.org/schema/context"
   xmlns:tx="http://www.springframework.org/schema/tx"
   xmlns:aop="http://www.springframework.org/schema/aop"
   xmlns:mvc="http://www.springframework.org/schema/mvc"
   xsi:schemaLocation="http://www.springframework.org/schema/mvc http://www.springframework.org/schema/mvc/spring-mvc-4.0.xsd
      http://www.springframework.org/schema/beans http://www.springframework.org/schema/beans/spring-beans-3.0.xsd
      http://www.springframework.org/schema/context http://www.springframework.org/schema/context/spring-context-3.0.xsd
      http://www.springframework.org/schema/aop http://www.springframework.org/schema/aop/spring-aop.xsd
      http://www.springframework.org/schema/tx http://www.springframework.org/schema/tx/spring-tx.xsd">

   <mvc:annotation-driven />
   <mvc:resources mapping="/resources/**" location="/resources/" />
	<context:component-scan base-package="org.sist.project" />

   <tx:annotation-driven transaction-manager="transactionManager" />

   <bean id="multipartResolver" class="org.springframework.web.multipart.commons.CommonsMultipartResolver">
      <property name="maxUploadSize" value="-1"></property>
   </bean>
   <bean id="tilesConfigurer" class="org.springframework.web.servlet.view.tiles2.TilesConfigurer">
      <property name="definitions" value="/WEB-INF/tiles-defs.xml"></property>
   </bean>
   <bean id="tilesViewResolver" class="org.springframework.web.servlet.view.UrlBasedViewResolver">
      <property name="viewClass" value="org.springframework.web.servlet.view.tiles2.TilesView"></property>
   </bean>
   <bean class="org.springframework.web.servlet.view.InternalResourceViewResolver"/>
	
	<context:component-scan base-package="org.sist.project" />
</beans>